model_type,threshold,human_fpr,macro_recall,precision,recall,f1,auroc,pr_auc,tp,tn,fp,fn,human_score_mean,human_score_std,human_score_p50,human_score_p95,macro_score_mean,macro_score_std,macro_score_p50,macro_score_p95
zscore,0.38650453,0.00000000,0.68750000,1.00000000,0.68750000,0.81481481,0.99671053,0.99863161,187,95,0,85,0.05483673,0.04611112,0.04382303,0.11615746,0.39981282,0.02830651,0.40045838,0.44767022
isolation_forest,0.56721370,0.00000000,0.41544118,1.00000000,0.41544118,0.58701299,0.99384675,0.99679881,113,95,0,159,0.11139568,0.09218584,0.08517112,0.29390729,0.54556017,0.04684490,0.55650092,0.60790649
oneclass_svm,1.97261265,0.00000000,1.00000000,1.00000000,1.00000000,1.00000000,1.00000000,1.00000000,272,95,0,0,0.55314413,0.37243538,0.46262865,1.18833458,2.47803564,0.00151833,2.47817394,2.47982073
deep_svdd,4.08486064,0.00000000,1.00000000,1.00000000,1.00000000,1.00000000,1.00000000,1.00000000,272,95,0,0,0.24871730,0.48755107,0.11501926,0.81751701,11.19730409,7.08097996,8.55194157,26.10448693
