{
  "counts": {
    "train_human": 440,
    "val_human": 95,
    "val_macro": 272,
    "test_human": 95,
    "test_macro": 272
  },
  "fpr_target": 0.01,
  "models": [
    {
      "model": "zscore",
      "threshold": 0.1780417354179149,
      "validation": {
        "fpr": 0.010526315789473684,
        "recall": 1.0,
        "precision": 0.9963369963369964,
        "f1": 0.998165137614679,
        "auroc": 0.9967105263157895,
        "pr_auc": 0.9986316066200034,
        "tp": 272,
        "tn": 94,
        "fp": 1,
        "fn": 0
      },
      "test": {
        "fpr": 0.010526315789473684,
        "recall": 1.0,
        "precision": 0.9963369963369964,
        "f1": 0.998165137614679,
        "auroc": 0.9999613003095975,
        "pr_auc": 0.9999865330747683,
        "tp": 272,
        "tn": 94,
        "fp": 1,
        "fn": 0
      }
    },
    {
      "model": "isolation_forest",
      "threshold": 0.35005084896467076,
      "validation": {
        "fpr": 0.010526315789473684,
        "recall": 1.0,
        "precision": 0.9963369963369964,
        "f1": 0.998165137614679,
        "auroc": 0.9938467492260061,
        "pr_auc": 0.9967988081700063,
        "tp": 272,
        "tn": 94,
        "fp": 1,
        "fn": 0
      },
      "test": {
        "fpr": 0.05263157894736842,
        "recall": 1.0,
        "precision": 0.9819494584837545,
        "f1": 0.9908925318761385,
        "auroc": 1.0,
        "pr_auc": 0.9999999999999999,
        "tp": 272,
        "tn": 90,
        "fp": 5,
        "fn": 0
      }
    },
    {
      "model": "oneclass_svm",
      "threshold": 1.8824352100193824,
      "validation": {
        "fpr": 0.010526315789473684,
        "recall": 1.0,
        "precision": 0.9963369963369964,
        "f1": 0.998165137614679,
        "auroc": 1.0,
        "pr_auc": 0.9999999999999999,
        "tp": 272,
        "tn": 94,
        "fp": 1,
        "fn": 0
      },
      "test": {
        "fpr": 0.021052631578947368,
        "recall": 1.0,
        "precision": 0.9927007299270073,
        "f1": 0.9963369963369964,
        "auroc": 0.9894736842105263,
        "pr_auc": 0.9809245667507849,
        "tp": 272,
        "tn": 93,
        "fp": 2,
        "fn": 0
      }
    },
    {
      "model": "deep_svdd",
      "threshold": 1.9982733803331223,
      "validation": {
        "fpr": 0.010526315789473684,
        "recall": 1.0,
        "precision": 0.9963369963369964,
        "f1": 0.998165137614679,
        "auroc": 1.0,
        "pr_auc": 0.9999999999999999,
        "tp": 272,
        "tn": 94,
        "fp": 1,
        "fn": 0
      },
      "test": {
        "fpr": 0.031578947368421054,
        "recall": 1.0,
        "precision": 0.9890909090909091,
        "f1": 0.9945155393053017,
        "auroc": 0.9894736842105263,
        "pr_auc": 0.9809245667507849,
        "tp": 272,
        "tn": 92,
        "fp": 3,
        "fn": 0
      }
    }
  ]
}