{
  "created_at_utc": "2026-02-22T04:10:59.990888+00:00",
  "fpr_target": 0.01,
  "threshold_safety_margin": 0.0,
  "split_mode": "explicit_train_val_test",
  "counts": {
    "train_human": 440,
    "val_human": 95,
    "val_macro": 272,
    "test_human": 95,
    "test_macro": 272
  },
  "models": [
    {
      "model_type": "zscore",
      "validation": {
        "threshold": 0.38650452576607364,
        "human_fpr": 0.0,
        "macro_recall": 0.6875,
        "precision": 1.0,
        "recall": 0.6875,
        "f1": 0.8148148148148148,
        "auroc": 0.9967105263157895,
        "pr_auc": 0.9986316066200034,
        "tp": 187,
        "tn": 95,
        "fp": 0,
        "fn": 85,
        "score_distribution": {
          "human": {
            "min": 0.007476009011180164,
            "p25": 0.030635250364862233,
            "p50": 0.04382303164452642,
            "p75": 0.061302314163407236,
            "p95": 0.11615745511550728,
            "max": 0.38650452576607364,
            "mean": 0.05483673408671291,
            "std": 0.0461111215038932
          },
          "macro": {
            "min": 0.32662614068514556,
            "p25": 0.38057450620807975,
            "p50": 0.4004583843059749,
            "p75": 0.4203645568082254,
            "p95": 0.44767022299534914,
            "max": 0.4621746543736421,
            "mean": 0.39981281671462165,
            "std": 0.0283065073064008
          }
        }
      },
      "test": {
        "threshold": 0.38650452576607364,
        "human_fpr": 0.010526315789473684,
        "macro_recall": 1.0,
        "precision": 0.9963369963369964,
        "recall": 1.0,
        "f1": 0.998165137614679,
        "auroc": 0.9999613003095975,
        "pr_auc": 0.9999865330747683,
        "tp": 272,
        "tn": 94,
        "fp": 1,
        "fn": 0,
        "human_score_dist": {
          "min": 0.007463321497189326,
          "p25": 0.03118850296248571,
          "p50": 0.05287298148246974,
          "p75": 0.07388427913002643,
          "p95": 0.12308474949666294,
          "max": 0.5429094973174533,
          "mean": 0.0625834449955373,
          "std": 0.059423106064244634
        },
        "macro_score_dist": {
          "min": 0.5419923422357177,
          "p25": 0.6065323692963744,
          "p50": 0.6295105224944882,
          "p75": 0.6571311863191125,
          "p95": 0.6994166766246058,
          "max": 0.787578460301287,
          "mean": 0.6327744649041261,
          "std": 0.038401443487754504
        }
      }
    },
    {
      "model_type": "isolation_forest",
      "validation": {
        "threshold": 0.5672136978839606,
        "human_fpr": 0.0,
        "macro_recall": 0.41544117647058826,
        "precision": 1.0,
        "recall": 0.41544117647058826,
        "f1": 0.587012987012987,
        "auroc": 0.9938467492260061,
        "pr_auc": 0.9967988081700063,
        "tp": 113,
        "tn": 95,
        "fp": 0,
        "fn": 159,
        "score_distribution": {
          "human": {
            "min": 0.0,
            "p25": 0.05261912090464055,
            "p50": 0.08517111835555448,
            "p75": 0.13649268264184744,
            "p95": 0.29390729495385515,
            "max": 0.5672136978839606,
            "mean": 0.11139567893928218,
            "std": 0.09218583947035902
          },
          "macro": {
            "min": 0.4169695778255502,
            "p25": 0.5133684701171268,
            "p50": 0.5565009198983681,
            "p75": 0.5815009833089079,
            "p95": 0.607906493735884,
            "max": 0.6561775613618795,
            "mean": 0.545560169465442,
            "std": 0.04684489543988885
          }
        }
      },
      "test": {
        "threshold": 0.5672136978839606,
        "human_fpr": 0.010526315789473684,
        "macro_recall": 1.0,
        "precision": 0.9963369963369964,
        "recall": 1.0,
        "f1": 0.998165137614679,
        "auroc": 1.0,
        "pr_auc": 0.9999999999999999,
        "tp": 272,
        "tn": 94,
        "fp": 1,
        "fn": 0,
        "human_score_dist": {
          "min": 0.03981534555307933,
          "p25": 0.08533683392052774,
          "p50": 0.1357647554705323,
          "p75": 0.2165314027265781,
          "p95": 0.33559429846302513,
          "max": 0.5923038178267174,
          "mean": 0.16174380789059356,
          "std": 0.09810553158519482
        },
        "macro_score_dist": {
          "min": 0.6278749640919822,
          "p25": 0.7066500220602233,
          "p50": 0.7296322761926755,
          "p75": 0.7540453721111874,
          "p95": 0.7903392250019293,
          "max": 0.8459882692703482,
          "mean": 0.7310368741271693,
          "std": 0.03521375989978482
        }
      }
    },
    {
      "model_type": "oneclass_svm",
      "validation": {
        "threshold": 1.9726126502320045,
        "human_fpr": 0.0,
        "macro_recall": 1.0,
        "precision": 1.0,
        "recall": 1.0,
        "f1": 1.0,
        "auroc": 1.0,
        "pr_auc": 0.9999999999999999,
        "tp": 272,
        "tn": 95,
        "fp": 0,
        "fn": 0,
        "score_distribution": {
          "human": {
            "min": 0.0,
            "p25": 0.31061473017836644,
            "p50": 0.46262865310295476,
            "p75": 0.6513755681433306,
            "p95": 1.1883345790080708,
            "max": 1.9726126502320045,
            "mean": 0.5531441267207372,
            "std": 0.37243537978173724
          },
          "macro": {
            "min": 2.4729835246942677,
            "p25": 2.477281522348205,
            "p50": 2.4781739383826418,
            "p75": 2.4794105656152334,
            "p95": 2.4798207326365005,
            "max": 2.4803129108405546,
            "mean": 2.4780356382619817,
            "std": 0.0015183298453081235
          }
        }
      },
      "test": {
        "threshold": 1.9726126502320045,
        "human_fpr": 0.021052631578947368,
        "macro_recall": 1.0,
        "precision": 0.9927007299270073,
        "recall": 1.0,
        "f1": 0.9963369963369964,
        "auroc": 0.9894736842105263,
        "pr_auc": 0.9809245667507849,
        "tp": 272,
        "tn": 93,
        "fp": 2,
        "fn": 0,
        "human_score_dist": {
          "min": 0.0033730373293836997,
          "p25": 0.3867047702683778,
          "p50": 0.5467745563834153,
          "p75": 0.895002275673896,
          "p95": 1.560134269635517,
          "max": 2.4803235588054524,
          "mean": 0.683920406129714,
          "std": 0.4516801922390192
        },
        "macro_score_dist": {
          "min": 2.4635242230684313,
          "p25": 2.47056097977447,
          "p50": 2.475706079529625,
          "p75": 2.478403469460015,
          "p95": 2.4794455609355732,
          "max": 2.480323465525213,
          "mean": 2.474263022506424,
          "std": 0.004414240376628527
        }
      }
    },
    {
      "model_type": "deep_svdd",
      "validation": {
        "threshold": 4.084860643542016,
        "human_fpr": 0.0,
        "macro_recall": 1.0,
        "precision": 1.0,
        "recall": 1.0,
        "f1": 1.0,
        "auroc": 1.0,
        "pr_auc": 0.9999999999999999,
        "tp": 272,
        "tn": 95,
        "fp": 0,
        "fn": 0,
        "score_distribution": {
          "human": {
            "min": 0.009048614129265149,
            "p25": 0.06538885689444919,
            "p50": 0.11501926066567289,
            "p75": 0.21549638073776678,
            "p95": 0.8175170129016108,
            "max": 4.084860643542016,
            "mean": 0.24871730106182208,
            "std": 0.4875510749607986
          },
          "macro": {
            "min": 5.099589569323866,
            "p25": 6.777194257320719,
            "p50": 8.55194156640038,
            "p75": 12.14582434759233,
            "p95": 26.104486926917215,
            "max": 46.71078844479063,
            "mean": 11.197304090259095,
            "std": 7.0809799580862824
          }
        }
      },