{
  "selected_model": "isolation_forest",
  "fpr_target": 0.01,
  "human_total": 624,
  "human_train": 499,
  "human_val": 125,
  "macro_eval": 272,
  "best_metrics": {
    "threshold": 0.4835659201921149,
    "human_fpr": 0.008,
    "macro_recall": 0.9926470588235294,
    "precision": 0.996309963099631,
    "recall": 0.9926470588235294,
    "f1": 0.994475138121547,
    "auroc": 0.9979117647058823,
    "pr_auc": 0.9989181174412747,
    "score_distribution": {
      "human": {
        "min": 0.02455265717836214,
        "p25": 0.09680929389578816,
        "p50": 0.14545659236417594,
        "p75": 0.20527492787827742,
        "p95": 0.3676953129622519,
        "max": 0.5863815569534936,
        "mean": 0.16299302054797457,
        "std": 0.10150869682983087
      },
      "macro": {
        "min": 0.4603035207225972,
        "p25": 0.588093651882795,
        "p50": 0.6306929777574379,
        "p75": 0.6647024370754587,
        "p95": 0.7182208275553449,
        "max": 0.7616235745143728,
        "mean": 0.6265645726575679,
        "std": 0.05780478426567725
      }
    },
    "tp": 270,
    "tn": 124,
    "fp": 1,
    "fn": 2
  },
  "candidates": [
    "isolation_forest"
  ],
  "created_at_utc": "2026-02-20T12:18:56.230725+00:00"
}