{
  "counts": {
    "train_human": 440,
    "val_human": 95,
    "val_macro": 272,
    "test_human": 95,
    "test_macro": 272
  },
  "fpr_target": 0.01,
  "models": [
    {
      "model": "zscore",
      "threshold": 0.38650452576607364,
      "validation": {
        "fpr": 0.010526315789473684,
        "recall": 0.6875,
        "precision": 0.9946808510638298,
        "f1": 0.8130434782608694,
        "auroc": 0.9967105263157895,
        "pr_auc": 0.9986316066200034,
        "tp": 187,
        "tn": 94,
        "fp": 1,
        "fn": 85
      },
      "test": {
        "fpr": 0.010526315789473684,
        "recall": 1.0,
        "precision": 0.9963369963369964,
        "f1": 0.998165137614679,
        "auroc": 0.9999613003095975,
        "pr_auc": 0.9999865330747683,
        "tp": 272,
        "tn": 94,
        "fp": 1,
        "fn": 0
      }
    },
    {
      "model": "isolation_forest",
      "threshold": 0.5672136978839606,
      "validation": {
        "fpr": 0.010526315789473684,
        "recall": 0.41544117647058826,
        "precision": 0.9912280701754386,
        "f1": 0.5854922279792746,
        "auroc": 0.9938467492260061,
        "pr_auc": 0.9967988081700063,
        "tp": 113,
        "tn": 94,
        "fp": 1,
        "fn": 159
      },
      "test": {
        "fpr": 0.010526315789473684,
        "recall": 1.0,
        "precision": 0.9963369963369964,
        "f1": 0.998165137614679,
        "auroc": 1.0,
        "pr_auc": 0.9999999999999999,
        "tp": 272,
        "tn": 94,
        "fp": 1,
        "fn": 0
      }
    },
    {
      "model": "oneclass_svm",
      "threshold": 1.0,
      "validation": {
        "fpr": 0.10526315789473684,
        "recall": 1.0,
        "precision": 0.9645390070921985,
        "f1": 0.9819494584837545,
        "auroc": 0.9473684210526316,
        "pr_auc": 0.9645390070921985,
        "tp": 272,
        "tn": 85,
        "fp": 10,
        "fn": 0
      },
      "test": {
        "fpr": 0.18947368421052632,
        "recall": 1.0,
        "precision": 0.9379310344827586,
        "f1": 0.9679715302491103,
        "auroc": 0.9052631578947368,
        "pr_auc": 0.9379310344827586,
        "tp": 272,
        "tn": 77,
        "fp": 18,
        "fn": 0
      }
    }
  ]
}