{
  "split_root": "model\\data\\raw\\auto_split_h70_m0001_valmacro",
  "seed": 42,
  "fpr_target": 0.05,
  "drop_feature_prefixes": [
    "browser_",
    "queue_duration_ms"
  ],
  "threshold_policy": "validation_human_percentile_95",
  "models": [
    {
      "model": "isolation_forest",
      "counts": {
        "train_human": 535,
        "val_human": 115,
        "test_human": 115,
        "test_macro": 272
      },
      "feature_count": 113,
      "threshold_policy": "validation_human_percentile_95",
      "threshold": 0.5998668083432005,
      "train_human_fpr": 0.056074766355140186,
      "val_human_fpr": 0.05217391304347826,
      "test_human_fpr": 0.02608695652173913,
      "test_macro_recall": 0.3602941176470588,
      "test_macro_precision": 0.9702970297029703,
      "test_f1": 0.5254691689008043,
      "test_tp": 98,
      "test_fp": 3,
      "test_tn": 112,
      "test_fn": 174
    },
    {
      "model": "oneclass_svm",
      "counts": {
        "train_human": 535,
        "val_human": 115,
        "test_human": 115,
        "test_macro": 272
      },
      "feature_count": 113,
      "threshold_policy": "validation_human_percentile_95",
      "threshold": 1.3764911557197184,
      "train_human_fpr": 0.0,
      "val_human_fpr": 0.05217391304347826,
      "test_human_fpr": 0.05217391304347826,
      "test_macro_recall": 1.0,
      "test_macro_precision": 0.9784172661870504,
      "test_f1": 0.9890909090909091,
      "test_tp": 272,
      "test_fp": 6,
      "test_tn": 109,
      "test_fn": 0
    },
    {
      "model": "deep_autoencoder",
      "counts": {
        "train_human": 535,
        "val_human": 115,
        "test_human": 115,
        "test_macro": 272
      },
      "feature_count": 113,
      "threshold_policy": "validation_human_percentile_95",
      "threshold": 0.05941417534702805,
      "train_human_fpr": 0.04672897196261682,
      "val_human_fpr": 0.05217391304347826,
      "test_human_fpr": 0.06086956521739131,
      "test_macro_recall": 0.4742647058823529,
      "test_macro_precision": 0.9485294117647058,
      "test_f1": 0.6323529411764706,
      "test_tp": 129,
      "test_fp": 7,
      "test_tn": 108,
      "test_fn": 143
    }
  ]
}