{
  "fpr_0_5pct": 0.49474013086514756,
  "fpr_1pct": 0.36951482388935775,
  "fpr_2pct": 0.1971786750349878,
  "fpr_5pct": 0.1383237700177845,
  "allow": 0.36951482388935775,
  "challenge": 0.49474013086514756
}