{
  "fpr_0_5pct": 0.4935924625509192,
  "fpr_1pct": 0.42944174184002576,
  "fpr_2pct": 0.24843388894075177,
  "fpr_5pct": 0.14788429567609335,
  "allow": 0.42944174184002576,
  "challenge": 0.4935924625509192
}