{
  "selected_model": "zscore",
  "fpr_target": 0.01,
  "human_total": 624,
  "human_train": 499,
  "human_val": 125,
  "macro_eval": 272,
  "best_metrics": {
    "threshold": 0.2791213544307046,
    "human_fpr": 0.008,
    "macro_recall": 1.0,
    "precision": 0.9963369963369964,
    "recall": 1.0,
    "f1": 0.998165137614679,
    "auroc": 1.0,
    "pr_auc": 1.0,
    "tp": 272,
    "tn": 124,
    "fp": 1,
    "fn": 0
  },
  "candidates": [
    "zscore",
    "isolation_forest",
    "oneclass_svm"
  ],
  "created_at_utc": "2026-02-20T12:04:37.761269+00:00"
}