model_type,threshold,human_fpr,macro_recall,precision,recall,f1,auroc,pr_auc,tp,tn,fp,fn
zscore,0.27912135,0.00800000,1.00000000,0.99633700,1.00000000,0.99816514,1.00000000,1.00000000,272,124,1,0
isolation_forest,0.48356592,0.00800000,0.99264706,0.99630996,0.99264706,0.99447514,0.99791176,0.99891812,270,124,1,2
oneclass_svm,1.00000000,0.00000000,0.00000000,0.00000000,0.00000000,0.00000000,0.96400000,0.96797153,0,125,0,272
