{
  "n_features": 113,
  "gamma_mode": "scale",
  "gamma_effective_model__gamma": 0.015625000000000028,
  "gamma_reference_1_over_n_features": 0.008849557522123894,
  "nu": 0.05,
  "support_vectors": 63,
  "support_vector_ratio": 0.11775700934579439,
  "selected_threshold_both_cap": {
    "threshold": 1.4543835547979822,
    "val_fpr": 0.043478260869565216,
    "test_fpr": 0.043478260869565216,
    "recall": 0.9742647058823529,
    "precision": 0.9814814814814815,
    "f1": 0.977859778597786,
    "fp_val": 5
  },
  "fpr_same_threshold": {
    "train_human_fpr": 0.0,
    "val_human_fpr": 0.043478260869565216,
    "test_human_fpr": 0.043478260869565216
  },
  "val_fpr_bootstrap": {
    "boot_mean": 0.04345391304347826,
    "boot_std": 0.019159193941422226,
    "boot_p05": 0.017391304347826087,
    "boot_p50": 0.043478260869565216,
    "boot_p95": 0.0782608695652174
  },
  "val_fpr_wilson95": {
    "low": 0.018712101106831386,
    "high": 0.09775784934688925
  },
  "counts": {
    "train_h": 535,
    "val_h": 115,
    "test_h": 115,
    "test_m": 272
  }
}