{
  "split_root": "model\\data\\raw\\auto_split_h70_m0001_valmacro",
  "seed": 42,
  "fpr_cap": 0.05,
  "drop_feature_prefixes": [
    "browser_"
  ],
  "models": [
    {
      "model": "isolation_forest",
      "counts": {
        "train_human": 535,
        "val_human": 115,
        "test_human": 115,
        "test_macro": 272
      },
      "feature_count": 114,
      "candidate_thresholds": 388,
      "feasible_thresholds": 162,
      "strict_best": {
        "threshold": 0.966192000423961,
        "val_human_fpr": 0.0,
        "test_human_fpr": 0.0,
        "test_macro_recall": 0.0,
        "test_macro_precision": 0.0,
        "test_f1": 0.0,
        "test_tp": 0,
        "test_fp": 0,
        "test_tn": 115,
        "test_fn": 272
      },
      "recall_best_under_test_cap": {
        "threshold": 0.5504064235222821,
        "val_human_fpr": 0.06086956521739131,
        "test_human_fpr": 0.043478260869565216,
        "test_macro_recall": 0.5698529411764706,
        "test_macro_precision": 0.96875,
        "test_f1": 0.7175925925925926,
        "test_tp": 155,
        "test_fp": 5,
        "test_tn": 110,
        "test_fn": 117
      },
      "recall_best_under_val_test_cap": {
        "threshold": 0.5660017570301963,
        "val_human_fpr": 0.043478260869565216,
        "test_human_fpr": 0.02608695652173913,
        "test_macro_recall": 0.46691176470588236,
        "test_macro_precision": 0.9769230769230769,
        "test_f1": 0.6318407960199005,
        "test_tp": 127,
        "test_fp": 3,
        "test_tn": 112,
        "test_fn": 145
      }
    },
    {
      "model": "oneclass_svm",
      "counts": {
        "train_human": 535,
        "val_human": 115,
        "test_human": 115,
        "test_macro": 272
      },
      "feature_count": 114,
      "candidate_thresholds": 387,
      "feasible_thresholds": 276,
      "strict_best": {
        "threshold": 2.431101383812227,
        "val_human_fpr": 0.0,
        "test_human_fpr": 0.0,
        "test_macro_recall": 0.0,
        "test_macro_precision": 0.0,
        "test_f1": 0.0,
        "test_tp": 0,
        "test_fp": 0,
        "test_tn": 115,
        "test_fn": 272
      },
      "recall_best_under_test_cap": {
        "threshold": 1.4132098837558311,
        "val_human_fpr": 0.05217391304347826,
        "test_human_fpr": 0.043478260869565216,
        "test_macro_recall": 0.9926470588235294,
        "test_macro_precision": 0.9818181818181818,
        "test_f1": 0.9872029250457038,
        "test_tp": 270,
        "test_fp": 5,
        "test_tn": 110,
        "test_fn": 2
      },
      "recall_best_under_val_test_cap": {
        "threshold": 1.453931530547376,
        "val_human_fpr": 0.043478260869565216,
        "test_human_fpr": 0.043478260869565216,
        "test_macro_recall": 0.9742647058823529,
        "test_macro_precision": 0.9814814814814815,
        "test_f1": 0.977859778597786,
        "test_tp": 265,
        "test_fp": 5,
        "test_tn": 110,
        "test_fn": 7
      }
    },
    {
      "model": "deep_autoencoder",
      "counts": {
        "train_human": 535,
        "val_human": 115,
        "test_human": 115,
        "test_macro": 272
      },
      "feature_count": 114,
      "candidate_thresholds": 388,
      "feasible_thresholds": 94,
      "strict_best": {
        "threshold": 35.99044948505677,
        "val_human_fpr": 0.0,
        "test_human_fpr": 0.0,
        "test_macro_recall": 0.0,
        "test_macro_precision": 0.0,
        "test_f1": 0.0,
        "test_tp": 0,
        "test_fp": 0,
        "test_tn": 115,
        "test_fn": 272
      },
      "recall_best_under_test_cap": {
        "threshold": 0.06553450856842799,
        "val_human_fpr": 0.043478260869565216,
        "test_human_fpr": 0.043478260869565216,
        "test_macro_recall": 0.31985294117647056,
        "test_macro_precision": 0.9456521739130435,
        "test_f1": 0.47802197802197804,
        "test_tp": 87,
        "test_fp": 5,
        "test_tn": 110,
        "test_fn": 185
      },
      "recall_best_under_val_test_cap": {
        "threshold": 0.06553450856842799,
        "val_human_fpr": 0.043478260869565216,
        "test_human_fpr": 0.043478260869565216,
        "test_macro_recall": 0.31985294117647056,
        "test_macro_precision": 0.9456521739130435,
        "test_f1": 0.47802197802197804,
        "test_tp": 87,
        "test_fp": 5,
        "test_tn": 110,
        "test_fn": 185
      }
    }
  ],
  "previous_isolation_forest": {
    "path": "hybrid\\isolation forest\\threshold_search_h70_m0001_valmacro.json",
    "strict_best": {
      "threshold": 0.966192000423961,
      "val_human_fpr": 0.0,
      "test_human_fpr": 0.0,
      "test_macro_recall": 0.0,
      "test_macro_precision": 0.0,
      "test_f1": 0.0,
      "test_tp": 0,
      "test_fp": 0,
      "test_tn": 115,
      "test_fn": 272
    },
    "recall_best_under_test_cap": {
      "threshold": 0.5504064235222821,
      "val_human_fpr": 0.06086956521739131,
      "test_human_fpr": 0.043478260869565216,
      "test_macro_recall": 0.5698529411764706,
      "test_macro_precision": 0.96875,
      "test_f1": 0.7175925925925926,
      "test_tp": 155,
      "test_fp": 5,
      "test_tn": 110,
      "test_fn": 117
    },
    "recall_best_under_val_test_cap": {
      "threshold": 0.5660017570301963,
      "val_human_fpr": 0.043478260869565216,
      "test_human_fpr": 0.02608695652173913,
      "test_macro_recall": 0.46691176470588236,
      "test_macro_precision": 0.9769230769230769,
      "test_f1": 0.6318407960199005,
      "test_tp": 127,
      "test_fp": 3,
      "test_tn": 112,
      "test_fn": 145
    }
  }
}