{
  "selected_model": "isolation_forest",
  "fpr_target": 0.01,
  "threshold_safety_margin": 0.0,
  "split_mode": "explicit_train_val_test",
  "human_total": 540,
  "human_train": 540,
  "human_val": 105,
  "macro_eval": 105,
  "test_human": 105,
  "test_macro": 105,
  "best_metrics": {
    "threshold": 0.6729628848802824,
    "human_fpr": 0.009523809523809525,
    "macro_recall": 0.18095238095238095,
    "precision": 0.95,
    "recall": 0.18095238095238095,
    "f1": 0.304,
    "auroc": 0.9572789115646259,
    "pr_auc": 0.9400609905288001,
    "score_distribution": {
      "human": {
        "min": 0.26426138059489895,
        "p25": 0.34955613429658605,
        "p50": 0.3901854183720168,
        "p75": 0.4729324638726567,
        "p95": 0.5426746520658147,
        "max": 0.7042089140764389,
        "mean": 0.4074585341572335,
        "std": 0.08688404461060918
      },
      "macro": {
        "min": 0.4578987663835089,
        "p25": 0.5797479062738359,
        "p50": 0.6172592920984118,
        "p75": 0.665971829745192,
        "p95": 0.7113783692238086,
        "max": 0.7519718480854735,
        "mean": 0.6145735141449148,
        "std": 0.06757520524419525
      }
    },
    "tp": 19,
    "tn": 104,
    "fp": 1,
    "fn": 86
  },
  "best_test_metrics": {
    "threshold": 0.6729628848802824,
    "human_fpr": 0.009523809523809525,
    "macro_recall": 0.13333333333333333,
    "precision": 0.9333333333333333,
    "recall": 0.13333333333333333,
    "f1": 0.23333333333333334,
    "auroc": 0.9668027210884353,
    "pr_auc": 0.9296648235335009,
    "tp": 14,
    "tn": 104,
    "fp": 1,
    "fn": 91,
    "human_score_dist": {
      "min": 0.0,
      "p25": 0.09025312814286295,
      "p50": 0.1426843675054882,
      "p75": 0.3299402344828572,
      "p95": 0.5525924007399335,
      "max": 0.7867717255632555,
      "mean": 0.22077414218756072,
      "std": 0.17284516324131652
    },
    "macro_score_dist": {
      "min": 0.43187828082790236,
      "p25": 0.563710275089903,
      "p50": 0.6158710910041169,
      "p75": 0.6565871503803508,
      "p95": 0.7020537959433105,
      "max": 0.7429269240371049,
      "mean": 0.6102800927100408,
      "std": 0.06200605953158233
    }
  },
  "candidates": [
    "isolation_forest"
  ],
  "created_at_utc": "2026-02-22T15:23:31.316394+00:00"
}