{
  "selected_model": "oneclass_svm",
  "fpr_target": 0.01,
  "threshold_safety_margin": 0.0,
  "split_mode": "explicit_train_val_test",
  "human_total": 440,
  "human_train": 440,
  "human_val": 95,
  "macro_eval": 272,
  "test_human": 95,
  "test_macro": 272,
  "best_metrics": {
    "threshold": 1.9726126502320045,
    "human_fpr": 0.0,
    "macro_recall": 1.0,
    "precision": 1.0,
    "recall": 1.0,
    "f1": 1.0,
    "auroc": 1.0,
    "pr_auc": 0.9999999999999999,
    "score_distribution": {
      "human": {
        "min": 0.0,
        "p25": 0.31061473017836644,
        "p50": 0.46262865310295476,
        "p75": 0.6513755681433306,
        "p95": 1.1883345790080708,
        "max": 1.9726126502320045,
        "mean": 0.5531441267207372,
        "std": 0.37243537978173724
      },
      "macro": {
        "min": 2.4729835246942677,
        "p25": 2.477281522348205,
        "p50": 2.4781739383826418,
        "p75": 2.4794105656152334,
        "p95": 2.4798207326365005,
        "max": 2.4803129108405546,
        "mean": 2.4780356382619817,
        "std": 0.0015183298453081235
      }
    },
    "tp": 272,
    "tn": 95,
    "fp": 0,
    "fn": 0
  },
  "best_test_metrics": {
    "threshold": 1.9726126502320045,
    "human_fpr": 0.021052631578947368,
    "macro_recall": 1.0,
    "precision": 0.9927007299270073,
    "recall": 1.0,
    "f1": 0.9963369963369964,
    "auroc": 0.9894736842105263,
    "pr_auc": 0.9809245667507849,
    "tp": 272,
    "tn": 93,
    "fp": 2,
    "fn": 0,
    "human_score_dist": {
      "min": 0.0033730373293836997,
      "p25": 0.3867047702683778,
      "p50": 0.5467745563834153,
      "p75": 0.895002275673896,
      "p95": 1.560134269635517,
      "max": 2.4803235588054524,
      "mean": 0.683920406129714,
      "std": 0.4516801922390192
    },
    "macro_score_dist": {
      "min": 2.4635242230684313,
      "p25": 2.47056097977447,
      "p50": 2.475706079529625,
      "p75": 2.478403469460015,
      "p95": 2.4794455609355732,
      "max": 2.480323465525213,
      "mean": 2.474263022506424,
      "std": 0.004414240376628527
    }
  },
  "candidates": [
    "zscore",
    "isolation_forest",
    "oneclass_svm",
    "deep_svdd"
  ],
  "created_at_utc": "2026-02-22T04:10:59.989364+00:00"
}