{
  "selected_model": "deep_svdd",
  "fpr_target": 0.01,
  "human_total": 440,
  "human_train": 352,
  "human_val": 88,
  "macro_eval": 272,
  "best_metrics": {
    "threshold": 1.0,
    "human_fpr": 0.0,
    "macro_recall": 0.0,
    "precision": 0.0,
    "recall": 0.0,
    "f1": 0.0,
    "auroc": 0.9772727272727273,
    "pr_auc": 0.9855072463768116,
    "score_distribution": {
      "human": {
        "min": 0.008135662897439515,
        "p25": 0.042125826072041545,
        "p50": 0.06257258416183047,
        "p75": 0.11762083706227289,
        "p95": 0.7304002332883304,
        "max": 1.0,
        "mean": 0.1438187198078358,
        "std": 0.22627684958018557
      },
      "macro": {
        "min": 1.0,
        "p25": 1.0,
        "p50": 1.0,
        "p75": 1.0,
        "p95": 1.0,
        "max": 1.0,
        "mean": 1.0,
        "std": 0.0
      }
    },
    "tp": 0,
    "tn": 88,
    "fp": 0,
    "fn": 272
  },
  "candidates": [
    "zscore",
    "isolation_forest",
    "oneclass_svm",
    "deep_svdd"
  ],
  "created_at_utc": "2026-02-21T07:49:23.320460+00:00"
}