{
  "fpr_0_5pct": 0.4947401308651476,
  "fpr_1pct": 0.36951482388935775,
  "fpr_2pct": 0.19717867503498776,
  "fpr_5pct": 0.1383237700177845,
  "allow": 0.36951482388935775,
  "challenge": 0.4947401308651476
}