model_type,threshold,human_fpr,macro_recall,precision,recall,f1,auroc,pr_auc,tp,tn,fp,fn
zscore,0.27831131,0.00800000,1.00000000,0.99633700,1.00000000,0.99816514,1.00000000,1.00000000,272,124,1,0
isolation_forest,0.55562189,0.00800000,0.67279412,0.99456522,0.67279412,0.80263158,0.98614706,0.97791332,183,124,1,89
oneclass_svm,1.00000000,0.00000000,0.00000000,0.00000000,0.00000000,0.00000000,0.97200000,0.97491039,0,125,0,272
