{
  "split_root": "model\\data\\raw\\auto_split_h70_m0001_valmacro",
  "seed": 42,
  "fpr_cap": 0.05,
  "drop_feature_prefixes": [
    "browser_",
    "queue_duration_ms"
  ],
  "model": {
    "model": "deep_autoencoder",
    "counts": {
      "train_human": 535,
      "val_human": 115,
      "test_human": 115,
      "test_macro": 272
    },
    "feature_count": 113,
    "candidate_thresholds": 388,
    "feasible_thresholds": 96,
    "strict_best": {
      "threshold": 37.731151709912865,
      "val_human_fpr": 0.0,
      "test_human_fpr": 0.0,
      "test_macro_recall": 0.0,
      "test_macro_precision": 0.0,
      "test_f1": 0.0,
      "test_tp": 0,
      "test_fp": 0,
      "test_tn": 115,
      "test_fn": 272
    },
    "recall_best_under_test_cap": {
      "threshold": 0.06897677975749655,
      "val_human_fpr": 0.043478260869565216,
      "test_human_fpr": 0.043478260869565216,
      "test_macro_recall": 0.3272058823529412,
      "test_macro_precision": 0.9468085106382979,
      "test_f1": 0.48633879781420764,
      "test_tp": 89,
      "test_fp": 5,
      "test_tn": 110,
      "test_fn": 183
    },
    "recall_best_under_val_test_cap": {
      "threshold": 0.06897677975749655,
      "val_human_fpr": 0.043478260869565216,
      "test_human_fpr": 0.043478260869565216,
      "test_macro_recall": 0.3272058823529412,
      "test_macro_precision": 0.9468085106382979,
      "test_f1": 0.48633879781420764,
      "test_tp": 89,
      "test_fp": 5,
      "test_tn": 110,
      "test_fn": 183
    }
  }
}