{
  "split_root": "model\\data\\raw\\auto_split_h70_m0001_valmacro",
  "seed": 42,
  "fpr_cap": 0.05,
  "drop_feature_prefixes": [
    "browser_"
  ],
  "model": {
    "model": "deep_autoencoder",
    "counts": {
      "train_human": 535,
      "val_human": 115,
      "test_human": 115,
      "test_macro": 272
    },
    "feature_count": 114,
    "candidate_thresholds": 388,
    "feasible_thresholds": 94,
    "strict_best": {
      "threshold": 35.99044948505677,
      "val_human_fpr": 0.0,
      "test_human_fpr": 0.0,
      "test_macro_recall": 0.0,
      "test_macro_precision": 0.0,
      "test_f1": 0.0,
      "test_tp": 0,
      "test_fp": 0,
      "test_tn": 115,
      "test_fn": 272
    },
    "recall_best_under_test_cap": {
      "threshold": 0.06553450856842799,
      "val_human_fpr": 0.043478260869565216,
      "test_human_fpr": 0.043478260869565216,
      "test_macro_recall": 0.31985294117647056,
      "test_macro_precision": 0.9456521739130435,
      "test_f1": 0.47802197802197804,
      "test_tp": 87,
      "test_fp": 5,
      "test_tn": 110,
      "test_fn": 185
    },
    "recall_best_under_val_test_cap": {
      "threshold": 0.06553450856842799,
      "val_human_fpr": 0.043478260869565216,
      "test_human_fpr": 0.043478260869565216,
      "test_macro_recall": 0.31985294117647056,
      "test_macro_precision": 0.9456521739130435,
      "test_f1": 0.47802197802197804,
      "test_tp": 87,
      "test_fp": 5,
      "test_tn": 110,
      "test_fn": 185
    }
  }
}