{
  "fpr_0_5pct": 0.4364272570674409,
  "fpr_1pct": 0.3160419656186915,
  "fpr_2pct": 0.19629895794522612,
  "fpr_5pct": 0.1205756665790588,
  "allow": 0.3160419656186915,
  "challenge": 0.4364272570674409
}