{
  "fpr_0_5pct": 0.7669815739286282,
  "fpr_1pct": 0.6776287380764446,
  "fpr_2pct": 0.5848936322052608,
  "fpr_5pct": 0.4010108483880502,
  "allow": 0.6776287380764446,
  "challenge": 0.7669815739286282
}