{
  "fpr_0_5pct": 0.9403358611190014,
  "fpr_1pct": 0.803955744882314,
  "fpr_2pct": 0.7385592760653119,
  "fpr_5pct": 0.6329682235434627,
  "allow": 0.803955744882314,
  "challenge": 0.9403358611190014
}