model_type,threshold,human_fpr,macro_recall,precision,recall,f1,auroc,pr_auc,tp,tn,fp,fn,human_score_mean,human_score_std,human_score_p50,human_score_p95,macro_score_mean,macro_score_std,macro_score_p50,macro_score_p95
zscore,0.75883431,0.01136364,0.00000000,0.00000000,0.00000000,0.00000000,0.96590909,0.95188452,0,87,1,272,0.07228936,0.22812466,0.03322451,0.11031616,0.35358857,0.02372216,0.35400890,0.39330583
isolation_forest,0.88081663,0.01136364,0.00000000,0.00000000,0.00000000,0.00000000,0.97727273,0.96549877,0,87,1,272,0.12510266,0.13658557,0.09148513,0.28059198,0.53139326,0.04175647,0.53677026,0.59320381
oneclass_svm,2.56553644,0.00000000,0.00000000,0.00000000,0.00000000,0.00000000,0.97271892,0.96366489,0,88,0,272,0.64684288,0.49749915,0.51004901,1.96409669,2.56505703,0.00034247,2.56513451,2.56545108
deep_svdd,60.78915838,0.01136364,0.00000000,0.00000000,0.00000000,0.00000000,0.96962734,0.96153955,0,87,1,272,21.35215745,190.84535823,0.06257258,0.73040023,7.95181654,3.15335406,6.87141472,14.61387901
