{
  "selected_model": "oneclass_svm",
  "fpr_target": 0.01,
  "human_total": 440,
  "human_train": 352,
  "human_val": 88,
  "macro_eval": 272,
  "best_metrics": {
    "threshold": 2.565536435067391,
    "human_fpr": 0.0,
    "macro_recall": 0.0,
    "precision": 0.0,
    "recall": 0.0,
    "f1": 0.0,
    "auroc": 0.9727189171122995,
    "pr_auc": 0.963664886554081,
    "score_distribution": {
      "human": {
        "min": 0.04722136156699431,
        "p25": 0.39337278106871715,
        "p50": 0.5100490070509842,
        "p75": 0.6956713616418431,
        "p95": 1.9640966920171892,
        "max": 2.565536435067391,
        "mean": 0.6468428810389372,
        "std": 0.4974991502186618
      },
      "macro": {
        "min": 2.56375236399295,
        "p25": 2.564891760605434,
        "p50": 2.565134506767629,
        "p75": 2.5653213902525804,
        "p95": 2.5654510791646756,
        "max": 2.5655338663613927,
        "mean": 2.5650570338112044,
        "std": 0.000342469199045358
      }
    },
    "tp": 0,
    "tn": 88,
    "fp": 0,
    "fn": 272
  },
  "candidates": [
    "zscore",
    "isolation_forest",
    "oneclass_svm",
    "deep_svdd"
  ],
  "created_at_utc": "2026-02-21T07:50:11.464360+00:00"
}