{
  "fpr_0_5pct": 0.4470992990348448,
  "fpr_1pct": 0.4072103335791571,
  "fpr_2pct": 0.25904275436177165,
  "fpr_5pct": 0.15997639172038008,
  "allow": 0.4072103335791571,
  "challenge": 0.4470992990348448
}