model_type,threshold,human_fpr,macro_recall,precision,recall,f1,auroc,pr_auc,tp,tn,fp,fn
zscore,0.25042757,0.00800000,1.00000000,0.99633700,1.00000000,0.99816514,1.00000000,1.00000000,272,124,1,0
isolation_forest,0.50376536,0.00800000,1.00000000,0.99633700,1.00000000,0.99816514,0.99958824,0.99980682,272,124,1,0
oneclass_svm,1.00000000,0.00000000,0.00000000,0.00000000,0.00000000,0.00000000,0.96800000,0.97142857,0,125,0,272
