{
  "fpr_0_5pct": 0.8907342978428248,
  "fpr_1pct": 0.6869019468081384,
  "fpr_2pct": 0.5965330963318786,
  "fpr_5pct": 0.4661074835027293,
  "allow": 0.6869019468081384,
  "challenge": 0.8907342978428248
}