model_type,threshold,human_fpr,macro_recall,precision,recall,f1,auroc,pr_auc,tp,tn,fp,fn
zscore,0.32917077,0.00800000,0.78676471,0.99534884,0.78676471,0.87885010,0.98882353,0.97937277,214,124,1,58
isolation_forest,0.62090714,0.00800000,0.84191176,0.99565217,0.84191176,0.91235060,0.98958824,0.98639151,229,124,1,43
oneclass_svm,1.00000000,0.00000000,0.00000000,0.00000000,0.00000000,0.00000000,0.98000000,0.98194946,0,125,0,272
