{
  "selected_model": "isolation_forest",
  "fpr_target": 0.01,
  "human_total": 624,
  "human_train": 499,
  "human_val": 125,
  "macro_eval": 272,
  "best_metrics": {
    "threshold": 0.6209071387475397,
    "human_fpr": 0.008,
    "macro_recall": 0.8419117647058824,
    "precision": 0.9956521739130435,
    "recall": 0.8419117647058824,
    "f1": 0.9123505976095617,
    "auroc": 0.9895882352941177,
    "pr_auc": 0.9863915074815364,
    "tp": 229,
    "tn": 124,
    "fp": 1,
    "fn": 43
  },
  "candidates": [
    "zscore",
    "isolation_forest",
    "oneclass_svm"
  ],
  "created_at_utc": "2026-02-19T05:00:24.542419+00:00"
}