{
  "created_at_utc": "2026-02-23T06:16:36.813423+00:00",
  "fpr_target": 0.01,
  "threshold_safety_margin": 0.0,
  "split_mode": "explicit_train_val_test",
  "counts": {
    "train_human": 540,
    "val_human": 105,
    "val_macro": 272,
    "test_human": 105,
    "test_macro": 272
  },
  "drop_feature_prefixes": [
    "browser_"
  ],
  "models": [
    {
      "model_type": "zscore",
      "validation": {
        "threshold": 238.1429658669664,
        "human_fpr": 0.0,
        "macro_recall": 0.0,
        "precision": 0.0,
        "recall": 0.0,
        "f1": 0.0,
        "auroc": 0.0,
        "pr_auc": 0.5078680246699306,
        "tp": 0,
        "tn": 105,
        "fp": 0,
        "fn": 272,
        "score_distribution": {
          "human": {
            "min": 91.51326470821472,
            "p25": 105.54283427737906,
            "p50": 110.03179581273716,
            "p75": 137.95235749849155,
            "p95": 187.0886150337362,
            "max": 238.14296563355498,
            "mean": 124.62182778096575,
            "std": 29.69320294249741
          },
          "macro": {
            "min": 4.731552949871545,
            "p25": 5.259220495846147,
            "p50": 5.356862255334621,
            "p75": 5.555614058764812,
            "p95": 5.97437926972885,
            "max": 6.320127709592359,
            "mean": 5.420378420927186,
            "std": 0.2786652997572578
          }
        }
      },
      "test": {
        "threshold": 238.1429658669664,
        "human_fpr": 0.009523809523809525,
        "macro_recall": 0.0,
        "precision": 0.0,
        "recall": 0.0,
        "f1": 0.0,
        "auroc": 0.8,
        "pr_auc": 0.7982042766722699,
        "tp": 0,
        "tn": 104,
        "fp": 1,
        "fn": 272,
        "human_score_dist": {
          "min": 0.01704221861176807,
          "p25": 0.05152676379796032,
          "p50": 0.07188523414687234,
          "p75": 0.14808000922503564,
          "p95": 169.2749690174208,
          "max": 254.19442662411103,
          "mean": 28.646749919595536,
          "std": 60.38270236605919
        },
        "macro_score_dist": {
          "min": 70.12621225855385,
          "p25": 71.33347293903634,
          "p50": 71.6907651214079,
          "p75": 71.9372153274526,
          "p95": 72.60507452449615,
          "max": 73.64830929472697,
          "mean": 71.53627935831558,
          "std": 0.7256449518918798
        }
      }
    },
    {
      "model_type": "isolation_forest",
      "validation": {
        "threshold": 0.5686158747387483,
        "human_fpr": 0.009523809523809525,
        "macro_recall": 0.3713235294117647,
        "precision": 0.9901960784313726,
        "recall": 0.3713235294117647,
        "f1": 0.5401069518716578,
        "auroc": 0.9572128851540617,
        "pr_auc": 0.9776141561955698,
        "tp": 101,
        "tn": 104,
        "fp": 1,
        "fn": 171,
        "score_distribution": {
          "human": {
            "min": 0.11587400436854772,
            "p25": 0.20317920852665974,
            "p50": 0.2590796610549575,
            "p75": 0.3555511553042224,
            "p95": 0.4304290265815144,
            "max": 0.6239747415175009,
            "mean": 0.27696447591415563,
            "std": 0.09793584932097589
          },
          "macro": {
            "min": 0.2581293996257675,
            "p25": 0.4647539671375194,
            "p50": 0.5303214429747796,
            "p75": 0.5910537229395624,
            "p95": 0.6500194373876272,
            "max": 0.7173327235205603,
            "mean": 0.5228660472258453,
            "std": 0.08910140767875804
          }
        }
      },
      "test": {
        "threshold": 0.5686158747387483,
        "human_fpr": 0.02857142857142857,
        "macro_recall": 0.27205882352941174,
        "precision": 0.961038961038961,
        "recall": 0.27205882352941174,
        "f1": 0.42406876790830944,
        "auroc": 0.9413515406162465,
        "pr_auc": 0.9554250770049595,
        "tp": 74,
        "tn": 102,
        "fp": 3,
        "fn": 198,
        "human_score_dist": {
          "min": 0.006745367715246642,
          "p25": 0.10295268625200853,
          "p50": 0.16417337036129687,
          "p75": 0.2970904179332197,
          "p95": 0.4836440739775925,
          "max": 0.8230113971217944,
          "mean": 0.212604607917459,
          "std": 0.14403698946695317
        },
        "macro_score_dist": {
          "min": 0.28025348255622,
          "p25": 0.43465393605709357,
          "p50": 0.5009817124956605,
          "p75": 0.5786714821761623,
          "p95": 0.6621361202037741,
          "max": 0.7643243826923523,
          "mean": 0.5020727600887891,
          "std": 0.09327438979944086
        }
      }
    },
    {
      "model_type": "oneclass_svm",
      "validation": {
        "threshold": 1.7782587064507371,
        "human_fpr": 0.0,
        "macro_recall": 0.0,
        "precision": 0.0,
        "recall": 0.0,
        "f1": 0.0,
        "auroc": 0.5,
        "pr_auc": 0.7214854111405835,
        "tp": 0,
        "tn": 105,
        "fp": 0,
        "fn": 272,
        "score_distribution": {
          "human": {
            "min": 1.778258706449737,
            "p25": 1.778258706449737,
            "p50": 1.778258706449737,
            "p75": 1.778258706449737,
            "p95": 1.778258706449737,
            "max": 1.778258706449737,
            "mean": 1.778258706449737,
            "std": 0.0
          },
          "macro": {
            "min": 1.778258706449737,
            "p25": 1.778258706449737,
            "p50": 1.778258706449737,
            "p75": 1.778258706449737,
            "p95": 1.778258706449737,
            "max": 1.778258706449737,
            "mean": 1.778258706449737,
            "std": 0.0
          }
        }
      },
      "test": {
        "threshold": 1.7782587064507371,
        "human_fpr": 0.0,
        "macro_recall": 0.0,
        "precision": 0.0,
        "recall": 0.0,
        "f1": 0.0,
        "auroc": 0.9,
        "pr_auc": 0.9283276450511946,
        "tp": 0,
        "tn": 105,
        "fp": 0,
        "fn": 272,
        "human_score_dist": {
          "min": 0.07803251928718856,
          "p25": 0.3656027028172942,
          "p50": 0.5108167869277519,
          "p75": 1.0331952956694186,
          "p95": 1.778258706449737,
          "max": 1.778258706449737,
          "mean": 0.7710484407332312,
          "std": 0.5654395685694781
        },
        "macro_score_dist": {
          "min": 1.778258706449737,
          "p25": 1.778258706449737,
          "p50": 1.778258706449737,
          "p75": 1.778258706449737,
          "p95": 1.778258706449737,
          "max": 1.778258706449737,
          "mean": 1.778258706449737,
          "std": 0.0
        }
      }
    },
    {
      "model_type": "deep_svdd",
      "validation": {
        "threshold": 62.037031503330155,
        "human_fpr": 0.0,
        "macro_recall": 0.0,
        "precision": 0.0,
        "recall": 0.0,
        "f1": 0.0,
        "auroc": 0.0,
        "pr_auc": 0.5078680246699306,
        "tp": 0,
        "tn": 105,
        "fp": 0,
        "fn": 272,
        "score_distribution": {
          "human": {
            "min": 12.065622561059989,
            "p25": 21.24159759534777,
            "p50": 23.347475020605017,
            "p75": 27.425533505011607,
            "p95": 38.985831361138295,
            "max": 62.037031441373074,
            "mean": 25.59294964854844,
            "std": 8.15243239043031
          },
          "macro": {
            "min": 0.07994938504353245,
            "p25": 0.20516241680235542,
            "p50": 0.3523528560166168,
            "p75": 0.5591197067162066,
            "p95": 1.2774044239606062,
            "max": 4.499630305259522,
            "mean": 0.4927614913566854,
            "std": 0.521606507029704
          }
        }
      },
      "test": {
        "threshold": 62.037031503330155,
        "human_fpr": 0.0,
        "macro_recall": 0.0,