{
  "selected_model": "isolation_forest",
  "fpr_target": 0.01,
  "threshold_safety_margin": 0.0,
  "split_mode": "explicit_train_val_test",
  "human_total": 540,
  "human_train": 540,
  "human_val": 105,
  "macro_eval": 272,
  "test_human": 105,
  "test_macro": 272,
  "best_metrics": {
    "threshold": 0.5686158747387483,
    "human_fpr": 0.009523809523809525,
    "macro_recall": 0.3713235294117647,
    "precision": 0.9901960784313726,
    "recall": 0.3713235294117647,
    "f1": 0.5401069518716578,
    "auroc": 0.9572128851540617,
    "pr_auc": 0.9776141561955698,
    "score_distribution": {
      "human": {
        "min": 0.11587400436854772,
        "p25": 0.20317920852665974,
        "p50": 0.2590796610549575,
        "p75": 0.3555511553042224,
        "p95": 0.4304290265815144,
        "max": 0.6239747415175009,
        "mean": 0.27696447591415563,
        "std": 0.09793584932097589
      },
      "macro": {
        "min": 0.2581293996257675,
        "p25": 0.4647539671375194,
        "p50": 0.5303214429747796,
        "p75": 0.5910537229395624,
        "p95": 0.6500194373876272,
        "max": 0.7173327235205603,
        "mean": 0.5228660472258453,
        "std": 0.08910140767875804
      }
    },
    "tp": 101,
    "tn": 104,
    "fp": 1,
    "fn": 171
  },
  "best_test_metrics": {
    "threshold": 0.5686158747387483,
    "human_fpr": 0.02857142857142857,
    "macro_recall": 0.27205882352941174,
    "precision": 0.961038961038961,
    "recall": 0.27205882352941174,
    "f1": 0.42406876790830944,
    "auroc": 0.9413515406162465,
    "pr_auc": 0.9554250770049595,
    "tp": 74,
    "tn": 102,
    "fp": 3,
    "fn": 198,
    "human_score_dist": {
      "min": 0.006745367715246642,
      "p25": 0.10295268625200853,
      "p50": 0.16417337036129687,
      "p75": 0.2970904179332197,
      "p95": 0.4836440739775925,
      "max": 0.8230113971217944,
      "mean": 0.212604607917459,
      "std": 0.14403698946695317
    },
    "macro_score_dist": {
      "min": 0.28025348255622,
      "p25": 0.43465393605709357,
      "p50": 0.5009817124956605,
      "p75": 0.5786714821761623,
      "p95": 0.6621361202037741,
      "max": 0.7643243826923523,
      "mean": 0.5020727600887891,
      "std": 0.09327438979944086
    }
  },
  "candidates": [
    "zscore",
    "isolation_forest",
    "oneclass_svm",
    "deep_svdd"
  ],
  "drop_feature_prefixes": [
    "browser_"
  ],
  "created_at_utc": "2026-02-23T06:16:36.812221+00:00"
}