model_type,threshold,human_fpr,macro_recall,precision,recall,f1,auroc,pr_auc,tp,tn,fp,fn,human_score_mean,human_score_std,human_score_p50,human_score_p95,macro_score_mean,macro_score_std,macro_score_p50,macro_score_p95
zscore,238.14296587,0.00000000,0.00000000,0.00000000,0.00000000,0.00000000,0.00000000,0.50786802,0,105,0,272,124.62182778,29.69320294,110.03179581,187.08861503,5.42037842,0.27866530,5.35686226,5.97437927
isolation_forest,0.56861587,0.00952381,0.37132353,0.99019608,0.37132353,0.54010695,0.95721289,0.97761416,101,104,1,171,0.27696448,0.09793585,0.25907966,0.43042903,0.52286605,0.08910141,0.53032144,0.65001944
oneclass_svm,1.77825871,0.00000000,0.00000000,0.00000000,0.00000000,0.00000000,0.50000000,0.72148541,0,105,0,272,1.77825871,0.00000000,1.77825871,1.77825871,1.77825871,0.00000000,1.77825871,1.77825871
deep_svdd,62.03703150,0.00000000,0.00000000,0.00000000,0.00000000,0.00000000,0.00000000,0.50786802,0,105,0,272,25.59294965,8.15243239,23.34747502,38.98583136,0.49276149,0.52160651,0.35235286,1.27740442
