{
  "fpr_0_5pct": 0.9999065614677098,
  "fpr_1pct": 0.9998432640903016,
  "fpr_2pct": 0.9997672158101949,
  "fpr_5pct": 0.9995597310448908,
  "allow": 0.9998432640903016,
  "challenge": 0.9999065614677098
}