{
  "fpr_0_5pct": 0.9447562245699169,
  "fpr_1pct": 0.7610301542229911,
  "fpr_2pct": 0.6924545528621368,
  "fpr_5pct": 0.5926866133088119,
  "allow": 0.7610301542229911,
  "challenge": 0.9447562245699169
}