{
  "fpr_0_5pct": 0.9709273511506714,
  "fpr_1pct": 0.871686879624839,
  "fpr_2pct": 0.7773510840273039,
  "fpr_5pct": 0.6690347716214035,
  "allow": 0.871686879624839,
  "challenge": 0.9709273511506714
}