{
  "fpr_0_5pct": 0.7359239235057097,
  "fpr_1pct": 0.6787389756865265,
  "fpr_2pct": 0.5395580446956344,
  "fpr_5pct": 0.40519780006964917,
  "allow": 0.6787389756865265,
  "challenge": 0.7359239235057097
}