{
  "fpr_0_5pct": 0.7819733675761498,
  "fpr_1pct": 0.7193163275999337,
  "fpr_2pct": 0.5454288494803284,
  "fpr_5pct": 0.4239725986291098,
  "allow": 0.7193163275999337,
  "challenge": 0.7819733675761498
}