{
  "fpr_0_5pct": 0.4460573259628354,
  "fpr_1pct": 0.4460573259628354,
  "fpr_2pct": 0.4460573259628354,
  "fpr_5pct": 0.4460573259628354,
  "allow": 0.4460573259628354,
  "challenge": 0.4460573259628354
}