{
  "fpr_0_5pct": 0.9999106870171315,
  "fpr_1pct": 0.9998086164200339,
  "fpr_2pct": 0.9996718875823584,
  "fpr_5pct": 0.9994041754401018,
  "allow": 0.9998086164200339,
  "challenge": 0.9999106870171315
}