{
  "created_at_utc": "2026-02-22T15:32:36.600118+00:00",
  "fpr_target": 0.01,
  "threshold_safety_margin": 0.0,
  "split_mode": "explicit_train_val_test",
  "counts": {
    "train_human": 540,
    "val_human": 105,
    "val_macro": 105,
    "test_human": 105,
    "test_macro": 105
  },
  "drop_feature_prefixes": [
    "browser_"
  ],
  "models": [
    {
      "model_type": "isolation_forest",
      "validation": {
        "threshold": 0.5686158747387483,
        "human_fpr": 0.009523809523809525,
        "macro_recall": 0.3904761904761905,
        "precision": 0.9761904761904762,
        "recall": 0.3904761904761905,
        "f1": 0.5578231292517006,
        "auroc": 0.9557369614512471,
        "pr_auc": 0.9470631036033614,
        "tp": 41,
        "tn": 104,
        "fp": 1,
        "fn": 64,
        "score_distribution": {
          "human": {
            "min": 0.11587400436854772,
            "p25": 0.20317920852665974,
            "p50": 0.2590796610549575,
            "p75": 0.3555511553042224,
            "p95": 0.4304290265815144,
            "max": 0.6239747415175009,
            "mean": 0.27696447591415563,
            "std": 0.09793584932097589
          },
          "macro": {
            "min": 0.29197463573719284,
            "p25": 0.46685688995644964,
            "p50": 0.5391933778370576,
            "p75": 0.5946214719276411,
            "p95": 0.6657619471813258,
            "max": 0.7173327235205603,
            "mean": 0.5279852735351913,
            "std": 0.09450888672693436
          }
        }
      },
      "test": {
        "threshold": 0.5686158747387483,
        "human_fpr": 0.02857142857142857,
        "macro_recall": 0.29523809523809524,
        "precision": 0.9117647058823529,
        "recall": 0.29523809523809524,
        "f1": 0.4460431654676259,
        "auroc": 0.9461224489795919,
        "pr_auc": 0.9045182876207539,
        "tp": 31,
        "tn": 102,
        "fp": 3,
        "fn": 74,
        "human_score_dist": {
          "min": 0.006745367715246642,
          "p25": 0.10295268625200853,
          "p50": 0.16417337036129687,
          "p75": 0.2970904179332197,
          "p95": 0.4836440739775925,
          "max": 0.8230113971217944,
          "mean": 0.212604607917459,
          "std": 0.14403698946695317
        },
        "macro_score_dist": {
          "min": 0.28025348255622,
          "p25": 0.43763316159969295,
          "p50": 0.5024319781663283,
          "p75": 0.5820815379005462,
          "p95": 0.6470811745101526,
          "max": 0.6808750651140257,
          "mean": 0.5075250534748086,
          "std": 0.08833107054818408
        }
      }
    }
  ],
  "selected_model": "isolation_forest"
}