{
  "split_root": "model\\data\\raw\\auto_split_h70_m0001_valmacro",
  "seed": 42,
  "fpr_cap": 0.05,
  "drop_feature_prefixes": [
    "browser_",
    "queue_duration_ms"
  ],
  "model": {
    "model": "isolation_forest",
    "counts": {
      "train_human": 535,
      "val_human": 115,
      "test_human": 115,
      "test_macro": 272
    },
    "feature_count": 113,
    "candidate_thresholds": 388,
    "feasible_thresholds": 148,
    "strict_best": {
      "threshold": 1.0480805399947273,
      "val_human_fpr": 0.0,
      "test_human_fpr": 0.0,
      "test_macro_recall": 0.0,
      "test_macro_precision": 0.0,
      "test_f1": 0.0,
      "test_tp": 0,
      "test_fp": 0,
      "test_tn": 115,
      "test_fn": 272
    },
    "recall_best_under_test_cap": {
      "threshold": 0.5669267541277739,
      "val_human_fpr": 0.0782608695652174,
      "test_human_fpr": 0.043478260869565216,
      "test_macro_recall": 0.5183823529411765,
      "test_macro_precision": 0.9657534246575342,
      "test_f1": 0.6746411483253588,
      "test_tp": 141,
      "test_fp": 5,
      "test_tn": 110,
      "test_fn": 131
    },
    "recall_best_under_val_test_cap": {
      "threshold": 0.6029624389282947,
      "val_human_fpr": 0.043478260869565216,
      "test_human_fpr": 0.02608695652173913,
      "test_macro_recall": 0.34558823529411764,
      "test_macro_precision": 0.9690721649484536,
      "test_f1": 0.5094850948509485,
      "test_tp": 94,
      "test_fp": 3,
      "test_tn": 112,
      "test_fn": 178
    }
  }
}