{
  "model": "isolation_forest",
  "split_root": "model\\data\\raw\\auto_split_h70_m0001_valmacro",
  "settings": {
    "seed": 42,
    "drop_feature_prefixes": [
      "browser_"
    ]
  },
  "results": [
    {
      "comparison": "test_human(115) vs test_macro(272)",
      "counts": {
        "human": 115,
        "macro": 272
      },
      "range": {
        "human_min": 0.010534805080922515,
        "human_max": 0.9661919994683038,
        "macro_min": 0.3958517642615566,
        "macro_max": 0.7300882309127392,
        "intersection_over_union": 0.3497451477519018
      },
      "in_range_overlap": {
        "macro_in_human_range_ratio": 1.0,
        "human_in_macro_range_ratio": 0.1565217391304348
      },
      "distribution_overlap": {
        "hist_overlap_coefficient_0to1": 0.13276854219948847,
        "ks_stat_0to1": 0.8635549872122763,
        "p_macro_score_gt_human_score": 0.9555306905370844
      },
      "quantiles": {
        "human_p50": 0.13608687004837117,
        "human_p90": 0.47281770720878935,
        "human_p95": 0.5315336572470062,
        "macro_p50": 0.5591175168578635,
        "macro_p90": 0.6508617256882512,
        "macro_p95": 0.6718568040391371
      }
    },
    {
      "comparison": "val+test_human(230) vs test_macro(272)",
      "counts": {
        "human": 230,
        "macro": 272
      },
      "range": {
        "human_min": 0.010534805080922515,
        "human_max": 0.9661919994683038,
        "macro_min": 0.3958517642615566,
        "macro_max": 0.7300882309127392,
        "intersection_over_union": 0.3497451477519018
      },
      "in_range_overlap": {
        "macro_in_human_range_ratio": 1.0,
        "human_in_macro_range_ratio": 0.1608695652173913
      },
      "distribution_overlap": {
        "hist_overlap_coefficient_0to1": 0.13276854219948847,
        "ks_stat_0to1": 0.8592071611253197,
        "p_macro_score_gt_human_score": 0.9462755754475703
      },
      "quantiles": {
        "human_p50": 0.13535994008505797,
        "human_p90": 0.4805329845795733,
        "human_p95": 0.5537721368478882,
        "macro_p50": 0.5591175168578635,
        "macro_p90": 0.6508617256882512,
        "macro_p95": 0.6718568040391371
      }
    }
  ]
}