model_type,threshold,human_fpr,macro_recall,precision,recall,f1,auroc,pr_auc,tp,tn,fp,fn,human_score_mean,human_score_std,human_score_p50,human_score_p95,macro_score_mean,macro_score_std,macro_score_p50,macro_score_p95
zscore,1.00000000,0.00000000,0.00000000,0.00000000,0.00000000,0.00000000,0.96590909,0.95188452,0,88,0,272,0.06134191,0.14512884,0.03322451,0.11031616,0.35358857,0.02372216,0.35400890,0.39330583
isolation_forest,0.89974429,0.00000000,0.00000000,0.00000000,0.00000000,0.00000000,0.97727273,0.96549877,0,88,0,272,0.12510266,0.13658557,0.09148513,0.28059198,0.53139326,0.04175647,0.53677026,0.59320381
oneclass_svm,1.00000000,0.00000000,0.00000000,0.00000000,0.00000000,0.00000000,0.94318182,0.96453901,0,88,0,272,0.55599455,0.24210949,0.51004901,1.00000000,1.00000000,0.00000000,1.00000000,1.00000000
deep_svdd,1.00000000,0.00000000,0.00000000,0.00000000,0.00000000,0.00000000,0.97727273,0.98550725,0,88,0,272,0.14381872,0.22627685,0.06257258,0.73040023,1.00000000,0.00000000,1.00000000,1.00000000
