{
  "fpr_0_5pct": 0.8841091869918418,
  "fpr_1pct": 0.6910440821009615,
  "fpr_2pct": 0.5665591227830503,
  "fpr_5pct": 0.44316712978055156,
  "allow": 0.6910440821009615,
  "challenge": 0.8841091869918418
}