{
  "selected_model": "isolation_forest",
  "fpr_target": 0.01,
  "human_total": 624,
  "human_train": 499,
  "human_val": 125,
  "macro_eval": 272,
  "best_metrics": {
    "threshold": 0.6014664199369227,
    "human_fpr": 0.008,
    "macro_recall": 0.9227941176470589,
    "precision": 0.996031746031746,
    "recall": 0.9227941176470589,
    "f1": 0.9580152671755725,
    "auroc": 0.9904411764705882,
    "pr_auc": 0.9854656395832637,
    "tp": 251,
    "tn": 124,
    "fp": 1,
    "fn": 21
  },
  "candidates": [
    "zscore",
    "isolation_forest",
    "oneclass_svm"
  ],
  "created_at_utc": "2026-02-16T03:13:41.492394+00:00"
}